Datetime,Water Level (m)
2025-08-11 12:00:00,1.2795209
2025-08-11 13:00:00,1.4353739
2025-08-11 14:00:00,1.4598616
2025-08-11 15:00:00,1.3172866
2025-08-11 16:00:00,1.145289
2025-08-11 17:00:00,1.0035362
2025-08-11 18:00:00,0.8800753
2025-08-11 19:00:00,0.7815991
2025-08-11 20:00:00,0.7042419
2025-08-11 21:00:00,0.67883
2025-08-11 22:00:00,0.94396436
2025-08-11 23:00:00,1.321802
2025-08-12 00:00:00,1.6545359
2025-08-12 01:00:00,1.8537648
2025-08-12 02:00:00,1.8929086
2025-08-12 03:00:00,1.7376755
2025-08-12 04:00:00,1.5687269
2025-08-12 05:00:00,1.4168752
2025-08-12 06:00:00,1.291113
2025-08-12 07:00:00,1.1861278
2025-08-12 08:00:00,1.100825
2025-08-12 09:00:00,1.0531272
2025-08-12 10:00:00,1.2422055
2025-08-12 11:00:00,1.634357
2025-08-12 12:00:00,2.0104046
2025-08-12 13:00:00,2.2529263
2025-08-12 14:00:00,2.3140993
2025-08-12 15:00:00,2.1506982
2025-08-12 16:00:00,1.9631426
2025-08-12 17:00:00,1.7913702
2025-08-12 18:00:00,1.6459492
2025-08-12 19:00:00,1.5248127
2025-08-12 20:00:00,1.4241507
2025-08-12 21:00:00,1.3398521
2025-08-12 22:00:00,1.3237008
2025-08-12 23:00:00,1.5884283
2025-08-13 00:00:00,1.9440457
2025-08-13 01:00:00,2.2349896
2025-08-13 02:00:00,2.3524005
2025-08-13 03:00:00,2.2620394
2025-08-13 04:00:00,2.0989609
2025-08-13 05:00:00,1.937988
2025-08-13 06:00:00,1.7942412
2025-08-13 07:00:00,1.6731013
2025-08-13 08:00:00,1.5708265
2025-08-13 09:00:00,1.4865865
2025-08-13 10:00:00,1.4601829
2025-08-13 11:00:00,1.7115809
2025-08-13 12:00:00,2.084264
2025-08-13 13:00:00,2.4014564
2025-08-13 14:00:00,2.5544288
2025-08-13 15:00:00,2.480856
2025-08-13 16:00:00,2.3004627
2025-08-13 17:00:00,2.1221046
2025-08-13 18:00:00,1.9639454
2025-08-13 19:00:00,1.829544
2025-08-13 20:00:00,1.7149328
2025-08-13 21:00:00,1.6169564
2025-08-13 22:00:00,1.5410324
2025-08-13 23:00:00,1.5986742
2025-08-14 00:00:00,1.9375832
2025-08-14 01:00:00,2.2662435
2025-08-14 02:00:00,2.4839206
2025-08-14 03:00:00,2.5127494
2025-08-14 04:00:00,2.3791976
2025-08-14 05:00:00,2.2137814
2025-08-14 06:00:00,2.0553584
2025-08-14 07:00:00,1.9193995
2025-08-14 08:00:00,1.8017231
2025-08-14 09:00:00,1.7006332
2025-08-14 10:00:00,1.6173505
2025-08-14 11:00:00,1.6147436
2025-08-14 12:00:00,1.890278
2025-08-14 13:00:00,2.2243397
2025-08-14 14:00:00,2.4659674
2025-08-14 15:00:00,2.5271804
2025-08-14 16:00:00,2.4087381
2025-08-14 17:00:00,2.2450318
2025-08-14 18:00:00,2.0855432
2025-08-14 19:00:00,1.9479655
2025-08-14 20:00:00,1.8286124
2025-08-14 21:00:00,1.724669
2025-08-14 22:00:00,1.6345114
2025-08-14 23:00:00,1.5738876
2025-08-15 00:00:00,1.6662796
2025-08-15 01:00:00,1.9908345
2025-08-15 02:00:00,2.2869258
2025-08-15 03:00:00,2.459988
2025-08-15 04:00:00,2.455163
2025-08-15 05:00:00,2.3238425
2025-08-15 06:00:00,2.1708708
2025-08-15 07:00:00,2.0274901
2025-08-15 08:00:00,1.904107
2025-08-15 09:00:00,1.7960526
2025-08-15 10:00:00,1.704082
2025-08-15 11:00:00,1.6343422
2025-08-15 12:00:00,1.6586238
2025-08-15 13:00:00,1.8996493
2025-08-15 14:00:00,2.1739533
2025-08-15 15:00:00,2.3407764
2025-08-15 16:00:00,2.3501523
2025-08-15 17:00:00,2.244475
2025-08-15 18:00:00,2.1087937
2025-08-15 19:00:00,1.9768836
2025-08-15 20:00:00,1.8591655
2025-08-15 21:00:00,1.755328
2025-08-15 22:00:00,1.6641628
2025-08-15 23:00:00,1.5859569
2025-08-16 00:00:00,1.5457662
2025-08-16 01:00:00,1.6624942
2025-08-16 02:00:00,1.9548752
2025-08-16 03:00:00,2.2103665
2025-08-16 04:00:00,2.3518074
2025-08-16 05:00:00,2.3400874
2025-08-16 06:00:00,2.226816
2025-08-16 07:00:00,2.091447
2025-08-16 08:00:00,1.9634771
2025-08-16 09:00:00,1.850464
2025-08-16 10:00:00,1.7515374
2025-08-16 11:00:00,1.666394
2025-08-16 12:00:00,1.6017605
2025-08-16 13:00:00,1.6065419
2025-08-16 14:00:00,1.772914
2025-08-16 15:00:00,2.0113838
2025-08-16 16:00:00,2.1559517
2025-08-16 17:00:00,2.172296
2025-08-16 18:00:00,2.1000843
2025-08-16 19:00:00,1.991941
2025-08-16 20:00:00,1.8816296
2025-08-16 21:00:00,1.7805967
2025-08-16 22:00:00,1.6908299
2025-08-16 23:00:00,1.6122915
2025-08-17 00:00:00,1.5454886
2025-08-17 01:00:00,1.521017
2025-08-17 02:00:00,1.6331995
2025-08-17 03:00:00,1.8975508
2025-08-17 04:00:00,2.1369984
2025-08-17 05:00:00,2.2893536
2025-08-17 06:00:00,2.3132756
2025-08-17 07:00:00,2.224648
2025-08-17 08:00:00,2.102768
2025-08-17 09:00:00,1.9803239
2025-08-17 10:00:00,1.8712702
2025-08-17 11:00:00,1.7766558
2025-08-17 12:00:00,1.6956234
